"nom","prenom","description","departement","interne","bureau","ou","upn"
"abrams","corky","commercial","sedentaires","344","bureau23","commerciaux","corky.abrams"
"adil","dario","informaticien","hotline","280","bureau13","informatique","dario.adil"
"alobaidy","kevin","vendeur","site3","382","site3","marketting","kevin.alobaidy"
"aljerf","boris","commercial","sedentaires","339","bureau23","commerciaux","boris.aljerf"
"allard","costa","financier","investissements","298","bureau14","finances","costa.allard"
"anjar","romain","ingenieur","recherche","319","bureau18","rd","romain.anjar"
"assoignons","stefano","comptable","comptabilite","247","bureau5","finances","stefano.assoignons"
"audeval","sacha","vendeur","site4","404","site4","marketting","sacha.audeval"
"ayinkamiye","arnaud","vendeur","site3","386","site3","marketting","arnaud.ayinkamiye"
"badot","elise","vendeur","site3","387","site3","marketting","elise.badot"
"baetens","annsophie","technicien","techniciens","429","bureau27","technique","annsophie.baetens"
"baily","andrea","vendeur","site2","371","site2","marketting","andrea.baily"
"balasse","sebastien","comptable","comptabilite","234","bureau3","finances","sebastien.balasse"
"barigand","audrey","vendeur","site4","398","site4","marketting","audrey.barigand"
"barrioroman","benjamin","ingenieur","testing","452","bureau28","rd","benjamin.barrioroman"
"barutchi","sheridan","technicocommercial","technico","438","bureau23","commerciaux","sheridan.barutchi"
"bauduin","loic","assistantrh","gestiondupersonnel","265","bureau10","ressourceshumaines","loic.bauduin"
"belenger","julien","ingenieur","recherche","316","bureau17","rd","julien.belenger"
"bertieaux","ludovic","technicien","techniciens","432","bureau27","technique","ludovic.bertieaux"
"betmurzaev","luigi","financier","investissements","297","bureau14","finances","luigi.betmurzaev"
"bianco","emilie","assistantrh","recrutement","334","bureau22","ressourceshumaines","emilie.bianco"
"bocquillon","sayouba","technicien","techniciens","420","bureau26","technique","sayouba.bocquillon"
"bodson","nathan","ingenieur","recherche","310","bureau16","rd","nathan.bodson"
"boelen","valentin","assistantrh","gestiondupersonnel","276","bureau12","ressourceshumaines","valentin.boelen"
"boiteaux","caroline","commercial","sedentaires","347","bureau23","commerciaux","caroline.boiteaux"
"bonato","pierre","technicocommercial","technico","442","bureau23","commerciaux","pierre.bonato"
"boone","melissa","comptable","comptabilite","238","bureau3","finances","melissa.boone"
"boutry","pauline","ingenieur","recherche","320","bureau18","rd","pauline.boutry"
"boydens","simon","vendeur","site3","385","site3","marketting","simon.boydens"
"bresoux","anthony","ingenieur","testing","459","bureau29","rd","anthony.bresoux"
"brunin","bruno","financier","investissements","303","bureau15","finances","bruno.brunin"
"bruno","francois","vendeur","site1","354","site1","marketting","francois.bruno"
"buffe","vadim","ingenieur","testing","460","bureau29","rd","vadim.buffe"
"busa","nicolas","informaticien","developpement","255","bureau7","informatique","nicolas.busa"
"buyukkaya","matteo","commercial","achat","227","bureau2","technique","matteo.buyukkaya"
"cardoen","sophie","informaticien","developpement","250","bureau6","informatique","sophie.cardoen"
"carpentier","cara","ingenieur","recherche","308","bureau16","rd","cara.carpentier"
"carroyer","maxence","commercial","achat","229","bureau2","technique","maxence.carroyer"
"cavrot","simon","comptable","comptabilite","235","bureau3","finances","simon.cavrot"
"celenza","mathieu","vendeur","site3","388","site3","marketting","mathieu.celenza"
"cercamota","jonathan","commercial","sedentaires","346","bureau23","commerciaux","jonathan.cercamota"
"chabotier","samuel","technicocommercial","technico","440","bureau23","commerciaux","samuel.chabotier"
"chahbane","carmelo","vendeur","site2","372","site2","marketting","carmelo.chahbane"
"chantry","guillaume","vendeur","site1","361","site1","marketting","guillaume.chantry"
"charlier","alexandre","commercial","sedentaires","342","bureau23","commerciaux","alexandre.charlier"
"charlier","lucky","vendeur","site3","384","site3","marketting","lucky.charlier"
"chatouani","pierre","informaticien","hotline","285","bureau13","informatique","pierre.chatouani"
"chevalier","donatien","commercial","achat","233","bureau2","technique","donatien.chevalier"
"chiappini","benjamin","ingenieur","recherche","317","bureau17","rd","benjamin.chiappini"
"chouambemboualie","giuseppe","assistantrh","gestiondupersonnel","273","bureau11","ressourceshumaines","g.chouambemboualie"
"clam","alexandre","administrateur","direction","263","direction","direction","alexandre.clam"
"coekaerts","corentin","technicocommercial","technico","444","bureau23","commerciaux","corentin.coekaerts"
"colette","guillaume","informaticien","hotline","289","bureau13","informatique","guillaume.colette"
"colianni","sebastien","vendeur","site3","377","site3","marketting","sebastien.colianni"
"collard","loic","ingenieur","recherche","318","bureau18","rd","loic.collard"
"colle","niels","assistantrh","recrutement","326","bureau20","ressourceshumaines","niels.colle"
"collet","alexandre","vendeur","site1","356","site1","marketting","alexandre.collet"
"conti","bryan","financier","investissements","300","bureau14","finances","bryan.conti"
"cordier","dino","commercial","achat","223","bureau1","technique","dino.cordier"
"couture","jason","ingenieur","testing","454","bureau28","rd","jason.couture"
"dagneau","thibaut","commercial","achat","224","bureau1","technique","thibaut.dagneau"
"dalfonso","maxime","financier","investissements","296","bureau14","finances","maxime.dalfonso"
"dame","clement","informaticien","systemes","405","bureau24","informatique","clement.dame"
"daubioul","philippe","vendeur","site1","351","site1","marketting","philippe.daubioul"
"debaenst","morgane","comptable","comptabilite","237","bureau3","finances","morgane.debaenst"
"debrakeleer","pierre","financier","investissements","293","bureau14","finances","pierre.debrakeleer"
"degeyter","hashem","informaticien","systemes","417","bureau25","informatique","hashem.degeyter"
"depascale","marine","vendeur","site2","376","site2","marketting","marine.depascale"
"deryck","derenik","assistantrh","recrutement","328","bureau20","ressourceshumaines","derenik.deryck"
"desmet","youri","ingenieur","testing","450","bureau28","rd","youri.desmet"
"detroch","gizem","commercial","sedentaires","336","bureau23","commerciaux","gizem.detroch"
"debacker","ervin","ingenieur","recherche","309","bureau16","rd","ervin.debacker"
"deboelpaep","mathias","ingenieur","recherche","314","bureau17","rd","mathias.deboelpaep"
"debruille","orion","vendeur","site4","397","site4","marketting","orion.debruille"
"declercq","nicolas","ingenieur","recherche","311","bureau16","rd","nicolas.declercq"
"decock","koray","technicocommercial","technico","441","bureau23","commerciaux","koray.decock"
"decreme","anthony","vendeur","site4","396","site4","marketting","anthony.decreme"
"deharbes","paulchristel","assistantrh","recrutement","325","bureau19","ressourceshumaines","p.deharbes"
"deladriere","dragos","informaticien","systemes","413","bureau25","informatique","dragos.deladriere"
"delaere","melvin","financier","investissements","302","bureau14","finances","melvin.delaere"
"delaunoy","robin","commercial","achat","220","bureau1","technique","robin.delaunoy"
"delcroix","quentin","informaticien","systemes","416","bureau25","informatique","quentin.delcroix"
"denis","marcello","vendeur","site3","380","site3","marketting","marcello.denis"
"descamps","zhencheng","ingenieur","recherche","312","bureau17","rd","zhencheng.descamps"
"deschamps","thomas","informaticien","hotline","290","bureau13","informatique","thomas.deschamps"
"deschuyteneer","ryan","vendeur","site4","392","site4","marketting","ryan.deschuyteneer"
"desmet","loic","vendeur","site4","391","site4","marketting","loic.desmet"
"dessimeon","corentin","commercial","sedentaires","341","bureau23","commerciaux","corentin.dessimeon"
"dewilde","jefferson","vendeur","site1","350","site1","marketting","jefferson.dewilde"
"divrusa","nicolas","assistantrh","gestiondupersonnel","275","bureau12","ressourceshumaines","nicolas.divrusa"
"dimaso","jason","informaticien","developpement","253","bureau7","informatique","jason.dimaso"
"dinsi","alexandre","comptable","comptabilite","242","bureau4","finances","alexandre.dinsi"
"donnay","sven","comptable","comptabilite","244","bureau5","finances","sven.donnay"
"druart","antoni","ingenieur","testing","456","bureau28","rd","antoni.druart"
"dubois","giuliano","commercial","sedentaires","345","bureau23","commerciaux","giuliano.dubois"
"dudkanlou","brahim","commercial","achat","230","bureau2","technique","brahim.dudkanlou"
"dufrasne","mohammed","ingenieur","testing","448","bureau28","rd","mohammed.dufrasne"
"dumont","fanny","financier","investissements","306","bureau15","finances","fanny.dumont"
"dumont","mats","vendeur","site2","366","site2","marketting","mats.dumont"
"dupuis","victor","ingenieur","recherche","313","bureau17","rd","victor.dupuis"
"elhassani","aurelien","informaticien","developpement","256","bureau8","informatique","aurelien.elhassani"
"emakotchiappi","cyril","technicien","techniciens","421","bureau26","technique","cyril.emakotchiappi"
"ergin","corentin","technicien","techniciens","427","bureau27","technique","corentin.ergin"
"exapihidis","damien","technicien","techniciens","425","bureau26","technique","damien.exapihidis"
"fasbender","robert","technicocommercial","technico","445","bureau23","commerciaux","robert.fasbender"
"flaba","dylan","vendeur","site1","349","site1","marketting","dylan.flaba"
"foulon","lucie","informaticien","developpement","254","bureau7","informatique","lucie.foulon"
"fourneaux","hasan","informaticien","developpement","249","bureau6","informatique","hasan.fourneaux"
"freche","thibault","directeur","direction","262","direction","direction","thibault.freche"
"funtowicz","kevin","commercial","sedentaires","337","bureau23","commerciaux","kevin.funtowicz"
"gallez","florian","informaticien","systemes","408","bureau24","informatique","florian.gallez"
"gamory","alexis","ingenieur","testing","457","bureau29","rd","alexis.gamory"
"garain","nathalie","commercial","achat","232","bureau2","technique","nathalie.garain"
"gaveriaux","othmane","technicien","techniciens","423","bureau26","technique","othmane.gaveriaux"
"genaille","alexandre","vendeur","site1","362","site1","marketting","alexandre.genaille"
"gerard","sebastien","informaticien","hotline","286","bureau13","informatique","sebastien.gerard"
"ghekiere","thomas","vendeur","site1","355","site1","marketting","thomas.ghekiere"
"ghislain","christopher","informaticien","hotline","292","bureau13","informatique","christopher.ghislain"
"gillez","corentin","assistantrh","gestiondupersonnel","268","bureau10","ressourceshumaines","corentin.gillez"
"gilmant","dorian","ingenieur","testing","461","bureau29","rd","dorian.gilmant"
"gobin","nicolas","technicocommercial","technico","434","bureau23","commerciaux","nicolas.gobin"
"godfraind","jeremy","technicocommercial","technico","436","bureau23","commerciaux","jeremy.godfraind"
"gossart","maxime","assistantrh","gestiondupersonnel","272","bureau11","ressourceshumaines","maxime.gossart"
"gosset","martin","assistantrh","gestiondupersonnel","269","bureau10","ressourceshumaines","martin.gosset"
"hama","arnaud","assistantrh","recrutement","329","bureau20","ressourceshumaines","arnaud.hama"
"hanke","pierre","assistantrh","recrutement","333","bureau22","ressourceshumaines","pierre.hanke"
"hanot","guillaume","technicien","techniciens","424","bureau26","technique","guillaume.hanot"
"hanse","pierre","informaticien","developpement","248","bureau6","informatique","pierre.hanse"
"heese","luca","informaticien","hotline","279","bureau13","informatique","luca.heese"
"heusschen","jerome","vendeur","site3","383","site3","marketting","jerome.heusschen"
"isembaert","elisabeth","informaticien","systemes","410","bureau24","informatique","elisabeth.isembaert"
"iuretig","jeanbaptiste","technicien","techniciens","428","bureau27","technique","jeanbaptiste.iuretig"
"johnson","cziriak","comptable","comptabilite","236","bureau3","finances","cziriak.johnson"
"kanbulatov","adrien","informaticien","developpement","252","bureau6","informatique","adrien.kanbulatov"
"kazadinsamba","clara","vendeur","site2","373","site2","marketting","clara.kazadinsamba"
"kentros","olivier","assistantrh","gestiondupersonnel","267","bureau10","ressourceshumaines","olivier.kentros"
"kirakoya","souad","comptable","comptabilite","240","bureau4","finances","souad.kirakoya"
"kozak","romain","ingenieur","recherche","315","bureau17","rd","romain.kozak"
"kuatendeppe","xavier","commercial","achat","222","bureau1","technique","xavier.kuatendeppe"
"kuppens","jeremy","ingenieur","testing","453","bureau28","rd","jeremy.kuppens"
"kwala","lucas","technicocommercial","technico","435","bureau23","commerciaux","lucas.kwala"
"landrieu","julien","vendeur","site1","360","site1","marketting","julien.landrieu"
"larive","riccardo","technicocommercial","technico","437","bureau23","commerciaux","riccardo.larive"
"lemaire","julien","assistantrh","recrutement","332","bureau22","ressourceshumaines","julien.lemaire"
"lebailly","samuel","ingenieur","testing","449","bureau28","rd","samuel.lebailly"
"lebrun","kevin","informaticien","hotline","291","bureau13","informatique","kevin.lebrun"
"lejeune","johnny","informaticien","developpement","261","bureau9","informatique","johnny.lejeune"
"lemal","christopher","technicocommercial","technico","443","bureau23","commerciaux","christopher.lemal"
"lepage","lara","informaticien","systemes","409","bureau24","informatique","lara.lepage"
"lerat","ahmednatama","vendeur","site3","379","site3","marketting","ahmednatama.lerat"
"liegeois","florian","vendeur","site3","381","site3","marketting","florian.liegeois"
"lokemboehambe","antoine","secretaire","direction","264","direction","direction","a.lokemboehambe"
"machiels","cyril","vendeur","site1","357","site1","marketting","cyril.machiels"
"macris","nael","vendeur","site4","403","site4","marketting","nael.macris"
"magnien","florent","vendeur","site2","364","site2","marketting","florent.magnien"
"mahaux","thomas","commercial","achat","225","bureau2","technique","thomas.mahaux"
"mahieu","elias","informaticien","hotline","281","bureau13","informatique","elias.mahieu"
"mahmoud","youness","vendeur","site4","402","site4","marketting","youness.mahmoud"
"mancuso","james","technicien","techniciens","422","bureau26","technique","james.mancuso"
"manouvrier","brandon","technicien","techniciens","426","bureau26","technique","brandon.manouvrier"
"marcheggiani","benjamin","vendeur","site4","395","site4","marketting","b.marcheggiani"
"maroquin","colin","assistantrh","recrutement","327","bureau20","ressourceshumaines","colin.maroquin"
"marquette","julien","informaticien","hotline","287","bureau13","informatique","julien.marquette"
"martin","kevin","vendeur","site2","363","site2","marketting","kevin.martin"
"mathieu","nicolas","vendeur","site4","394","site4","marketting","nicolas.mathieu"
"mercier","amaury","vendeur","site3","390","site4","marketting","amaury.mercier"
"merken","theo","vendeur","site1","352","site1","marketting","theo.merken"
"merzouki","theo","informaticien","hotline","283","bureau13","informatique","theo.merzouki"
"messens","pascal","commercial","achat","231","bureau2","technique","pascal.messens"
"midlaire","alexis","technicocommercial","technico","446","bureau23","commerciaux","alexis.midlaire"
"mignon","julien","financier","investissements","295","bureau14","finances","julien.mignon"
"milazzo","dan","vendeur","site2","370","site2","marketting","dan.milazzo"
"miserendino","amelie","technicien","techniciens","430","bureau27","technique","amelie.miserendino"
"monkam","logan","financier","investissements","299","bureau14","finances","logan.monkam"
"mougenot","ernestine","informaticien","developpement","251","bureau6","informatique","ernestine.mougenot"
"mrozek","aurelien","assistantrh","gestiondupersonnel","277","bureau12","ressourceshumaines","aurelien.mrozek"
"mukiza","aurelien","technicocommercial","technico","447","bureau23","commerciaux","aurelien.mukiza"
"mulliez","onur","informaticien","hotline","282","bureau13","informatique","onur.mulliez"
"nguehoungmougang","sabrina","commercial","sedentaires","340","bureau23","commerciaux","s.nguehoungmougang"
"niamke","louis","informaticien","systemes","406","bureau24","informatique","louis.niamke"
"noel","xavier","assistantrh","recrutement","322","bureau19","ressourceshumaines","xavier.noel"
"noel","martin","informaticien","systemes","412","bureau25","informatique","martin.noel"
"ntsiamamasampu","kevin","vendeur","site2","367","site2","marketting","kevin.ntsiamamasampu"
"ospitiaorozco","nathan","vendeur","site2","375","site2","marketting","nathan.ospitiaorozco"
"ozturk","bertrand","technicien","techniciens","433","bureau27","technique","bertrand.ozturk"
"pauwels","simon","comptable","comptabilite","245","bureau5","finances","simon.pauwels"
"pee","jonathan","technicocommercial","technico","439","bureau23","commerciaux","jonathan.pee"
"pellecchia","essia","assistantrh","recrutement","323","bureau19","ressourceshumaines","essia.pellecchia"
"perotti","mathilde","comptable","comptabilite","246","bureau5","finances","mathilde.perotti"
"peto","bruno","informaticien","systemes","415","bureau25","informatique","bruno.peto"
"petrocitto","yvanrollin","vendeur","site1","358","site1","marketting","y.petrocitto"
"pierart","quentin","comptable","comptabilite","239","bureau3","finances","quentin.pierart"
"pietquin","antoine","vendeur","site4","393","site4","marketting","antoine.pietquin"
"place","maxim","informaticien","hotline","288","bureau13","informatique","maxim.place"
"poglajen","adam","commercial","sedentaires","338","bureau23","commerciaux","adam.poglajen"
"porcu","thomas","vendeur","site3","389","site3","marketting","thomas.porcu"
"primucci","gaetan","vendeur","site4","401","site4","marketting","gaetan.primucci"
"ramirogonzalez","armand","informaticien","developpement","257","bureau8","informatique","a.ramirogonzalez"
"regnier","maxime","assistantrh","gestiondupersonnel","271","bureau11","ressourceshumaines","maxime.regnier"
"reuter","alexandros","informaticien","systemes","411","bureau24","informatique","alexandros.reuter"
"rigaux","romain","commercial","achat","228","bureau2","technique","romain.rigaux"
"riquier","denis","assistantrh","gestiondupersonnel","278","bureau12","ressourceshumaines","denis.riquier"
"robert","johan","technicien","techniciens","431","bureau27","technique","johan.robert"
"rodriguezplaza","francois","ingenieur","testing","458","bureau29","rd","f.rodriguezplaza"
"roekhaut","ornella","assistantrh","recrutement","330","bureau22","ressourceshumaines","ornella.roekhaut"
"rosi","omar","informaticien","hotline","284","bureau13","informatique","omar.rosi"
"sarti","kevin","informaticien","developpement","260","bureau9","informatique","kevin.sarti"
"saucez","marco","informaticien","systemes","407","bureau24","informatique","marco.saucez"
"scarpulla","tatiana","informaticien","developpement","258","bureau8","informatique","tatiana.scarpulla"
"servidio","victor","vendeur","site4","399","site4","marketting","victor.servidio"
"severijns","gillian","assistantrh","recrutement","331","bureau22","ressourceshumaines","gillian.severijns"
"simon","nicola","commercial","sedentaires","348","bureau23","commerciaux","nicola.simon"
"soldano","yanick","commercial","sedentaires","343","bureau23","commerciaux","yanick.soldano"
"sow","floriana","assistantrh","gestiondupersonnel","270","bureau11","ressourceshumaines","floriana.sow"
"stalon","thibaut","ingenieur","testing","451","bureau28","rd","thibaut.stalon"
"sterckval","guillaume","assistantrh","recrutement","324","bureau19","ressourceshumaines","guillaume.sterckval"
"stival","hugo","ingenieur","testing","455","bureau28","rd","hugo.stival"
"tabbuso","florian","informaticien","systemes","418","bureau25","informatique","florian.tabbuso"
"tchantchounjosse","ines","informaticien","systemes","419","bureau25","informatique","i.tchantchounjosse"
"tchuentetchock","anthony","comptable","comptabilite","243","bureau4","finances","a.tchuentetchock"
"ternullo","valerio","assistantrh","gestiondupersonnel","274","bureau12","ressourceshumaines","valerio.ternullo"
"thiebaut","leeroy","financier","investissements","294","bureau14","finances","leeroy.thiebaut"
"thirionet","anthony","vendeur","site2","369","site2","marketting","anthony.thirionet"
"tiscal","adrien","ingenieur","recherche","307","bureau16","rd","adrien.tiscal"
"trapani","hugo","vendeur","site3","378","site3","marketting","hugo.trapani"
"tricot","chloe","commercial","achat","221","bureau1","technique","chloe.tricot"
"ulupinar","laurent","vendeur","site4","400","site4","marketting","laurent.ulupinar"
"vandroogenbroek","kevin","financier","investissements","301","bureau14","finances","k.vandroogenbroek"
"vandurm","aurian","vendeur","site2","368","site2","marketting","aurian.vandurm"
"vanlaecke","junyi","commercial","sedentaires","335","bureau23","commerciaux","junyi.vanlaecke"
"vanderroost","florian","vendeur","site1","359","site1","marketting","florian.vanderroost"
"vandevoorde","iris","financier","investissements","305","bureau15","finances","iris.vandevoorde"
"vercouter","melissa","comptable","comptabilite","241","bureau4","finances","melissa.vercouter"
"villani","julien","vendeur","site1","353","site1","marketting","julien.villani"
"vitale","linzzeth","commercial","achat","226","bureau2","technique","linzzeth.vitale"
"vlamings","lenny","assistantrh","gestiondupersonnel","266","bureau10","ressourceshumaines","lenny.vlamings"
"vullo","guillaume","assistantrh","recrutement","321","bureau19","ressourceshumaines","guillaume.vullo"
"wankouankepnjouo","martin","informaticien","systemes","414","bureau25","informatique","m.wankouankepnjouo"
"wargnie","thierry","vendeur","site2","365","site2","marketting","thierry.wargnie"
"waroquier","dylan","vendeur","site2","374","site2","marketting","dylan.waroquier"
"ye","louis","informaticien","developpement","259","bureau9","informatique","louis.ye"
"zecchinon","michael","financier","investissements","304","bureau15","finances","michael.zecchinon"
